Metal,Process,Quantity(kg),Energy(kwh),Water(liters),CO2(kg),Waste(kg)
Steel,Mining,311,612.68,577.59,74.99,53.75
Steel,Recycling,1936,1297.66,1711.13,576.83,199.87
Copper,Recycling,294,544.27,1111.49,89.34,18.77
Steel,Recycling,1339,638.33,1271.95,300.19,101.11
Aluminium,Recycling,1174,2130.27,5789.92,831.13,112.18
Aluminium,Mining,1423,20904.21,17755.39,13875.72,961.62
Aluminium,Recycling,304,281.06,682.8,120.34,52.29
Aluminium,Recycling,367,691.1,886.98,241.37,46.32
Aluminium,Mining,1060,16742.07,10655.66,8815.92,638.51
Copper,Recycling,533,963.91,1200.51,250.16,79.33
Steel,Mining,1939,5753.13,2337.54,960.94,362.96
Steel,Recycling,204,139.77,141.71,53.17,9.36
Aluminium,Recycling,576,1309.26,1630.33,287.64,92.21
Copper,Mining,1703,13278.71,29678.06,6204.67,2180.99
Copper,Mining,399,3169.53,8878.77,1626.48,423.97
Copper,Mining,551,4246.92,10165.37,2174.9,1072.54
Copper,Mining,264,2210.78,7728.51,836.38,456.93
Copper,Mining,1777,11639.28,40624.08,7983.43,2597.55
Aluminium,Recycling,1416,2237.35,3436.75,546.07,180.35
Steel,Recycling,291,175.37,255.26,71.35,26.46
Copper,Mining,793,6505.31,19198.83,4007.58,683.93
Aluminium,Mining,1446,22562.14,16511.51,15230.27,740.73
Steel,Recycling,1474,870.51,1510.06,426.37,107.1
Copper,Recycling,1173,2204.46,2413.91,442.34,156.35
Copper,Recycling,1788,2903.01,5666.13,541.65,268.1
Copper,Mining,1422,10560.5,39285.44,7929.27,1376.5
Copper,Mining,666,5568.05,11331.72,3462.48,1234.41
Steel,Recycling,960,563.74,1335.68,230.12,108.83
Steel,Mining,1972,3209.38,3397.25,783.44,241.77
Copper,Recycling,1814,1918.54,3747.98,580.89,156.07
Aluminium,Recycling,1204,2509.08,4713.1,773.11,129.89
Copper,Recycling,697,1078.74,1915.2,238.74,97.36
Aluminium,Recycling,455,790.97,931.78,215.98,64.94
Copper,Mining,1389,9793.24,39394.77,4778.99,1388.46
Copper,Mining,1355,11152.06,34240.31,5222.21,2292.0
Steel,Recycling,1903,1597.0,1860.08,361.36,222.87
Steel,Mining,333,673.29,604.27,128.27,59.16
Copper,Recycling,913,1417.03,3390.2,463.69,129.39
Copper,Recycling,1092,1921.37,4077.94,686.22,110.87
Steel,Recycling,1752,970.76,914.14,351.96,70.5
Aluminium,Mining,1619,25392.14,18029.98,13363.6,1099.8
Copper,Mining,917,7056.12,25048.88,2960.16,1758.51
Steel,Recycling,1196,911.7,825.82,243.62,112.3
Aluminium,Mining,679,11477.95,12476.46,7007.07,518.74
Aluminium,Recycling,443,810.7,2158.77,285.78,67.93
Aluminium,Recycling,1204,1234.02,5748.26,679.14,140.53
Copper,Recycling,725,1241.74,2478.58,297.36,101.17
Aluminium,Mining,982,14319.8,15036.05,10078.97,802.3
Steel,Recycling,920,675.86,630.0,163.87,60.62
Steel,Recycling,575,383.86,703.29,193.97,65.01
Steel,Mining,1032,2762.05,1470.95,314.23,94.65
Aluminium,Recycling,1757,4002.11,7301.79,593.54,194.52
Copper,Recycling,1738,2470.98,6556.17,637.34,109.93
Steel,Recycling,873,513.17,1032.52,246.5,72.58
Copper,Mining,638,3392.14,15554.34,2902.79,1122.85
Copper,Recycling,1596,2897.13,3522.54,898.56,176.54
Aluminium,Recycling,1005,1958.31,3305.55,689.99,176.06
Aluminium,Mining,865,12925.79,17252.64,8217.2,442.25
Aluminium,Recycling,508,1131.16,1866.73,193.65,59.35
Steel,Recycling,871,485.04,586.34,289.54,58.69
Aluminium,Recycling,1602,2702.53,6050.11,943.18,272.91
Copper,Mining,766,6478.03,16858.05,4299.32,1472.12
Steel,Recycling,749,540.16,711.53,214.23,50.6
Steel,Recycling,839,568.01,729.02,260.7,70.59
Aluminium,Recycling,920,2008.42,3151.31,460.14,89.92
Copper,Recycling,1068,1833.39,2912.0,513.72,63.81
Copper,Mining,1256,8117.0,24031.56,6332.52,2142.69
Steel,Mining,1420,2309.45,2078.99,539.6,217.13
Steel,Mining,194,568.64,171.25,65.87,22.09
Copper,Mining,507,3704.86,12547.23,2339.96,1001.45
Steel,Mining,1236,2163.37,1417.2,316.58,223.76
Aluminium,Recycling,438,547.76,1994.44,211.43,37.41
Steel,Recycling,1970,1341.25,1500.7,398.05,149.13
Copper,Recycling,802,1384.69,1960.67,412.11,103.05
Aluminium,Recycling,798,655.56,2370.22,414.65,89.39
Aluminium,Mining,1851,28599.33,36666.97,17527.75,1593.12
Copper,Recycling,1049,1941.92,3085.19,678.24,113.67
Aluminium,Mining,1567,23767.39,26723.8,15140.29,1085.93
Copper,Mining,638,3795.18,14080.78,3087.44,790.55
Aluminium,Recycling,1905,2859.22,4053.39,1444.88,293.15
Copper,Recycling,1458,1941.89,3968.09,564.8,182.64
Aluminium,Mining,1621,27210.0,24966.52,16776.31,1281.63
Steel,Recycling,715,592.57,460.71,173.46,31.9
Copper,Mining,1836,16259.62,54580.24,9276.36,3137.08
Aluminium,Recycling,975,1709.7,1844.27,750.53,139.35
Steel,Recycling,360,275.01,260.17,54.25,15.05
Aluminium,Mining,1625,25824.35,31093.24,15478.0,1454.97
Copper,Recycling,1422,1548.97,4100.24,946.16,129.0
Aluminium,Recycling,1571,3116.55,5074.83,603.56,217.94
Aluminium,Mining,1327,18868.78,15982.69,15633.78,1070.81
Aluminium,Recycling,1320,3291.3,4424.51,1035.0,215.55
Copper,Recycling,1614,2520.88,3952.06,901.98,143.47
Copper,Recycling,353,593.45,876.81,174.92,33.4
Aluminium,Mining,1506,26644.06,16071.03,17058.59,809.16
Steel,Recycling,364,224.34,513.5,58.63,18.18
Steel,Recycling,1898,1545.97,1995.37,507.82,192.5
Copper,Recycling,1857,3149.81,4078.78,1202.52,117.81
Copper,Recycling,1623,2342.17,5926.62,661.81,148.79
Aluminium,Recycling,1426,1501.98,3464.77,468.06,95.77
Aluminium,Mining,687,12139.0,10115.77,7779.89,552.03
Copper,Mining,1783,11547.2,45692.06,9754.67,1995.14
Copper,Mining,1121,7505.96,23862.05,5892.63,1387.9
Steel,Mining,1943,4894.32,1776.43,949.8,338.63
Copper,Mining,541,4466.1,11982.12,2645.27,724.85
Copper,Mining,1989,11377.38,58424.04,9543.37,2936.41
Steel,Mining,1842,3633.37,3243.73,755.62,309.9
Copper,Recycling,152,251.62,607.23,61.37,13.96
Steel,Recycling,1319,789.23,1679.82,205.67,81.6
Copper,Mining,742,4650.49,14372.8,2821.39,1167.59
Aluminium,Recycling,465,830.96,2298.23,126.03,61.19
Copper,Mining,896,7937.02,13511.11,2932.85,873.06
Copper,Recycling,199,317.19,417.09,68.31,26.59
Steel,Mining,1510,4324.81,2806.45,438.75,279.25
Aluminium,Mining,732,12946.26,9889.49,6387.16,407.94
Aluminium,Recycling,1841,3614.33,7951.92,1266.47,235.49
Copper,Mining,1590,9442.23,29851.78,8318.29,2702.5
Steel,Recycling,713,454.5,368.36,154.18,34.77
Copper,Mining,1605,12974.79,36621.42,9543.89,2194.66
Aluminium,Mining,143,2030.93,1906.92,1709.61,116.52
Aluminium,Mining,1881,28087.08,33375.87,20981.76,1388.92
Steel,Recycling,1492,1033.86,1313.07,454.21,94.94
Aluminium,Mining,102,1696.33,1573.45,984.61,58.65
Aluminium,Mining,1665,25011.76,22113.24,13371.48,1330.01
Aluminium,Mining,1314,20953.74,21906.12,10750.71,864.75
Aluminium,Mining,849,13688.77,16245.5,9612.29,511.77
Aluminium,Recycling,754,1747.88,1343.64,251.05,79.9
Aluminium,Recycling,951,861.46,4198.78,441.47,144.91
Steel,Recycling,226,184.05,317.05,43.04,18.74
Steel,Mining,1942,2998.51,3434.48,546.86,170.24
Copper,Recycling,948,1089.86,2970.26,505.35,138.87
Aluminium,Recycling,1385,1484.68,5376.13,800.56,147.05
Copper,Mining,1651,10498.12,43972.7,8328.94,3096.99
Copper,Recycling,1899,3291.1,5213.22,830.03,116.57
Copper,Recycling,978,1922.09,2705.77,308.16,68.4
Steel,Recycling,641,451.93,443.74,127.75,54.26
Aluminium,Recycling,139,288.19,233.84,107.52,12.08
Copper,Mining,1547,10442.25,30043.85,7875.95,1589.9
Aluminium,Recycling,606,1350.03,1497.18,410.7,71.6
Copper,Mining,1495,13223.06,43419.63,5196.37,2502.46
Aluminium,Mining,386,5474.02,4003.64,4625.71,210.93
Aluminium,Recycling,1046,1511.55,5191.64,629.69,132.67
Aluminium,Recycling,1354,2959.18,6258.28,656.29,228.59
Aluminium,Recycling,1186,2800.67,4265.22,615.22,87.08
Copper,Mining,1689,12635.05,33459.78,5387.95,3311.45
Aluminium,Recycling,1487,3485.0,4183.79,1141.73,124.61
Aluminium,Recycling,1040,1780.05,5102.14,476.52,131.29
Copper,Mining,531,3009.52,8785.47,1694.62,984.7
Steel,Mining,371,695.45,613.51,166.41,63.58
Steel,Mining,116,295.03,206.54,57.59,15.16
Copper,Recycling,1942,2593.8,4230.84,858.58,241.63
Aluminium,Recycling,1360,2403.77,3972.92,963.63,131.19
Aluminium,Mining,1859,29994.02,36327.46,19532.88,1589.4
Aluminium,Mining,1293,21534.2,24783.53,11948.52,985.81
Steel,Recycling,1447,602.6,2067.42,308.06,169.18
Steel,Mining,313,909.27,303.23,132.59,33.98
Aluminium,Recycling,342,598.06,1011.16,197.63,45.9
Steel,Mining,200,409.91,305.43,44.25,38.33
Copper,Recycling,1956,3795.95,5314.44,821.67,131.05
Copper,Recycling,485,557.72,1712.51,320.04,63.31
Copper,Mining,682,4378.74,17116.76,3043.41,1148.37
Steel,Recycling,1388,1055.7,1769.15,313.74,146.76
Copper,Recycling,507,645.91,1849.04,254.54,57.57
Steel,Mining,1425,3447.1,2103.11,560.75,224.59
Steel,Recycling,1176,733.09,1415.63,194.77,100.12
Copper,Mining,406,3013.35,7170.5,2316.16,617.03
Aluminium,Recycling,672,1543.28,2657.18,270.11,41.14
Aluminium,Mining,1173,16791.01,21941.25,12883.32,690.46
Copper,Recycling,1946,2899.89,6811.45,712.15,273.78
Aluminium,Mining,1675,25337.87,23146.36,16933.98,1484.9
Steel,Recycling,154,107.56,117.89,43.29,18.14
Steel,Mining,1792,4582.25,2730.94,474.0,327.56
Steel,Recycling,1537,1036.89,1492.16,395.78,143.14
Aluminium,Recycling,1094,1231.57,1762.83,659.64,116.66
Aluminium,Mining,727,11474.72,12487.41,6300.6,492.59
Steel,Mining,952,2735.84,1127.09,426.3,141.45
Steel,Recycling,1438,1193.75,889.59,501.24,102.74
Aluminium,Recycling,876,1188.29,2708.11,381.61,145.03
Steel,Recycling,616,497.49,472.67,141.3,43.02
Aluminium,Recycling,820,1635.78,2007.53,318.38,61.07
Aluminium,Recycling,1995,4749.69,9029.61,1569.89,313.8
Copper,Recycling,1880,2190.96,6585.38,805.12,156.21
Aluminium,Recycling,742,665.71,2630.11,390.71,120.45
Copper,Recycling,1587,1680.07,6165.39,577.28,145.37
Steel,Recycling,825,608.8,1128.31,236.07,86.04
Aluminium,Recycling,1257,2122.73,5997.74,455.46,183.45
Aluminium,Recycling,314,709.06,833.45,198.3,29.7
Steel,Mining,1353,3265.13,1584.56,571.65,228.49
Copper,Mining,456,2967.03,9429.07,2171.94,856.31
Steel,Recycling,340,244.58,489.82,75.99,19.61
Copper,Mining,138,1174.94,3576.91,754.02,267.27
Steel,Recycling,1748,1404.82,1583.85,420.76,166.22
Copper,Recycling,1329,1967.36,2915.79,508.72,151.27
Steel,Mining,1746,4877.1,2319.16,574.76,312.23
Steel,Recycling,775,427.0,947.73,118.02,71.53
Copper,Recycling,1425,1667.98,3868.95,677.0,159.86
Aluminium,Recycling,492,745.26,2357.31,306.28,82.82
Steel,Mining,1744,5006.89,2945.27,568.21,206.87
Copper,Mining,1720,9338.85,38386.35,6794.38,2528.44
Aluminium,Mining,1849,28954.91,35764.25,18547.23,1531.38
Copper,Mining,704,6223.74,12081.44,3542.43,1335.49
Copper,Mining,240,2082.41,5578.53,1242.82,353.02
Steel,Recycling,386,251.65,304.66,120.88,38.03
Steel,Recycling,1162,984.75,1563.97,232.54,105.51
Copper,Recycling,1993,3006.11,7657.75,739.17,214.96
Aluminium,Mining,1128,20147.68,15024.9,9476.85,945.28
Copper,Recycling,482,945.91,1672.62,167.61,26.06
Aluminium,Recycling,334,587.42,755.8,211.99,50.78
Copper,Recycling,1271,2044.99,2637.24,521.32,81.83
Steel,Recycling,1302,614.67,1719.54,409.06,148.83
Aluminium,Recycling,604,1077.63,990.01,178.23,83.89
Aluminium,Mining,1955,33440.1,26414.0,23133.31,1482.24
Steel,Mining,144,247.91,236.97,34.92,13.44
Steel,Recycling,742,452.17,677.42,141.56,59.47
Aluminium,Mining,1241,19189.71,22222.36,9997.09,886.85
Steel,Mining,444,1281.47,585.99,185.29,61.95
Steel,Recycling,1258,1117.94,1854.09,413.83,142.82
Aluminium,Recycling,1860,2532.81,6137.16,749.88,219.94
Steel,Recycling,398,162.43,419.22,106.19,38.85
Aluminium,Mining,705,12669.39,9131.38,8397.8,538.12
Copper,Recycling,754,1440.75,2886.57,246.41,66.96
Copper,Mining,1746,12348.78,31290.41,9344.38,2466.5
Aluminium,Mining,1099,19221.0,11384.53,9092.78,826.96
Copper,Recycling,895,1554.38,2833.61,624.62,117.78
Steel,Recycling,824,557.94,903.87,252.88,89.9
Aluminium,Recycling,707,827.25,1205.22,462.84,47.59
Steel,Mining,251,505.19,468.24,62.32,22.34
Steel,Recycling,990,532.6,791.75,303.47,68.2
Copper,Mining,1474,12084.8,40953.27,8186.84,2828.38
Copper,Mining,1086,8363.2,24093.25,5182.8,1712.31
Steel,Recycling,1584,1239.87,843.03,446.75,141.28
Steel,Recycling,1909,1612.19,1413.93,312.04,167.07
Copper,Recycling,510,684.76,2026.94,335.14,75.82
Copper,Recycling,1234,2125.0,4269.58,501.13,96.44
Steel,Recycling,1315,747.17,1746.7,337.26,127.16
Copper,Recycling,1186,1749.18,3703.49,712.61,136.31
Copper,Mining,1904,16351.55,53372.04,8515.48,3772.34
Copper,Mining,817,6010.01,21340.78,4317.53,1336.65
Copper,Recycling,1772,2167.01,5154.61,928.63,198.42
Copper,Recycling,136,228.04,442.46,54.34,16.23
Aluminium,Mining,1851,26582.56,29506.42,17654.71,1355.18
Copper,Mining,733,4337.47,19104.84,3173.51,697.59
Aluminium,Mining,739,11385.47,11660.82,6540.86,563.63
Steel,Mining,344,522.54,331.84,69.97,48.01
Copper,Recycling,380,539.15,1442.95,191.76,42.47
Aluminium,Recycling,1827,3127.03,8746.45,572.65,322.37
Steel,Mining,105,164.44,192.73,28.7,14.34
Copper,Recycling,1997,3261.58,6678.53,697.53,277.93
Copper,Mining,1192,7008.32,31231.96,6425.25,2168.68
Aluminium,Mining,1843,26721.12,19975.82,15925.82,1252.74
Steel,Mining,751,1636.53,811.33,362.78,72.35
Aluminium,Mining,520,7422.71,9178.82,4590.89,304.92
Aluminium,Recycling,1686,2734.6,5099.33,1099.38,155.46
Steel,Recycling,1969,1263.31,1945.09,297.95,165.65
Aluminium,Recycling,1524,1269.8,6983.42,863.54,178.67
Aluminium,Mining,1844,30658.82,35152.96,21193.31,1167.89
Steel,Recycling,110,97.05,162.57,19.97,10.15
Copper,Recycling,123,202.14,284.6,78.66,16.63
Steel,Mining,1219,3219.04,1333.77,246.13,157.5
Aluminium,Recycling,116,224.5,399.17,88.45,8.4
Aluminium,Recycling,548,602.26,2659.38,293.11,36.18
Aluminium,Mining,662,9289.44,12346.75,7356.97,588.81
Copper,Recycling,613,702.76,1302.05,376.22,43.16
Copper,Mining,1927,9778.6,43564.99,5961.33,2887.16
Steel,Recycling,953,659.33,1235.81,281.2,90.58
Steel,Mining,1950,4823.07,1681.18,755.98,325.88
Aluminium,Recycling,797,887.39,1338.82,611.77,93.51
Steel,Mining,511,1133.66,517.73,163.25,60.45
Copper,Recycling,678,755.3,1500.09,257.27,47.44
Copper,Recycling,1501,1663.26,3193.64,1043.71,171.2
Copper,Recycling,986,1638.45,2462.19,432.16,115.98
Aluminium,Mining,1714,24459.19,21272.9,18217.11,928.07
Aluminium,Recycling,242,212.45,556.03,99.02,16.84
Steel,Mining,312,564.03,617.68,101.69,60.95
Copper,Mining,1397,11621.07,38449.75,5294.56,2030.15
Aluminium,Mining,662,10961.31,11859.58,5447.88,508.73
Copper,Mining,345,2271.22,6432.99,2037.74,516.57
Copper,Recycling,1392,2765.4,3656.54,449.9,132.53
Steel,Mining,223,651.83,284.9,63.77,36.91
Copper,Mining,1484,13093.51,33226.72,4481.49,2713.5
Aluminium,Mining,177,2518.28,3242.1,1470.33,149.69
Aluminium,Mining,1223,20605.85,16888.46,12706.44,755.76
Copper,Mining,941,4789.49,14723.98,4441.95,934.75
Steel,Mining,1425,2768.29,1844.51,520.42,124.43
Steel,Mining,577,1334.21,901.93,235.44,46.82
Steel,Recycling,516,291.61,298.8,123.82,35.96
Aluminium,Mining,1250,20308.42,20875.17,12054.04,1061.8
Aluminium,Mining,559,9720.51,7547.14,5715.81,305.19
Copper,Recycling,951,1467.47,2669.3,418.21,131.56
Steel,Recycling,1728,995.48,1105.85,448.09,94.56
Copper,Mining,543,3690.67,16231.16,3041.84,545.54
Copper,Recycling,864,1684.86,3269.39,520.77,89.08
Copper,Recycling,528,929.91,1234.05,319.86,52.25
Copper,Mining,1157,8264.0,29517.71,4385.09,1324.47
Copper,Recycling,1351,1615.69,3028.26,865.83,96.68
Copper,Recycling,1603,1638.13,4823.86,559.87,194.14
Steel,Recycling,232,156.6,183.36,48.72,12.2
Steel,Recycling,995,513.49,573.14,269.68,88.66
Steel,Mining,1981,3147.67,2244.05,786.0,325.22
Steel,Recycling,1132,707.7,1188.44,356.65,101.72
Steel,Recycling,284,247.82,285.55,97.51,16.25
Aluminium,Mining,459,6663.18,7034.55,4094.48,332.08
Steel,Recycling,1351,620.66,1992.84,309.08,139.95
Copper,Mining,1728,14633.66,42714.62,10147.12,1405.52
Copper,Mining,1047,7100.16,27872.72,4670.58,974.34
Aluminium,Recycling,1842,2491.35,5906.23,819.97,167.63
Copper,Recycling,393,517.34,1348.52,240.35,38.81
Steel,Recycling,753,518.62,958.22,236.2,44.39
Aluminium,Recycling,669,712.03,3244.81,291.1,47.59
Copper,Mining,284,1591.18,6362.65,1143.31,333.39
Steel,Mining,485,1336.2,859.65,238.19,70.35
Aluminium,Mining,589,9593.16,7265.68,6539.18,304.78
Steel,Mining,985,2061.97,1659.59,457.96,131.94
Copper,Recycling,728,1034.1,2747.24,326.63,79.03
Steel,Recycling,740,614.75,606.29,257.23,50.05
Aluminium,Mining,1407,24989.96,15594.43,12571.95,717.58
Steel,Recycling,731,454.95,922.04,124.6,34.35
Steel,Recycling,611,537.84,321.33,114.39,49.75
Copper,Mining,1897,15432.99,42777.23,6359.79,2615.37
Steel,Mining,385,943.25,419.81,153.08,63.84
Steel,Mining,870,1670.79,1516.44,269.27,166.91
Copper,Mining,1628,12588.39,46640.43,7321.11,1692.47
Copper,Mining,1326,11480.37,30919.41,4251.99,1307.48
Copper,Recycling,776,1137.87,3006.99,245.2,110.86
Aluminium,Recycling,435,1061.41,817.08,114.89,42.38
Copper,Mining,1161,7941.57,29417.6,3524.17,1222.42
Copper,Recycling,1862,3482.16,6814.86,1237.48,224.3
Copper,Mining,458,3463.01,9885.74,1651.15,727.42
Aluminium,Mining,931,14386.97,16768.2,9978.13,820.32
Copper,Recycling,305,587.1,953.24,103.82,23.98
Aluminium,Mining,1695,24869.94,25602.69,14333.1,1193.25
Steel,Mining,1046,1932.78,1345.22,267.08,164.07
Aluminium,Mining,1141,17625.38,15547.24,9950.72,668.26
Aluminium,Mining,189,3126.57,3744.16,1703.76,95.73
Aluminium,Recycling,405,699.64,1790.54,231.0,31.5
Steel,Mining,1746,4697.99,1651.27,381.5,303.31
Steel,Mining,1835,5035.3,2198.07,390.5,248.31
Copper,Recycling,1663,2959.73,3756.4,787.4,154.56
Copper,Recycling,919,1803.36,2337.63,417.49,124.13
Aluminium,Recycling,491,464.26,1973.95,254.69,74.13
Aluminium,Recycling,1107,2709.27,3481.56,525.37,109.07
Copper,Recycling,1721,2760.83,5572.83,725.99,173.53
Copper,Mining,1756,10668.21,31291.94,5628.67,1692.69
Copper,Recycling,1104,1976.06,3422.75,363.38,133.33
Steel,Mining,1510,2932.08,1530.01,302.81,248.0
Aluminium,Mining,1776,29280.73,29747.59,18163.08,1320.63
Steel,Recycling,1934,1721.42,2549.74,659.34,201.85
Aluminium,Mining,1050,17868.67,18478.71,10285.4,913.14
Copper,Mining,100,890.26,1630.26,382.78,127.93
Steel,Mining,1756,4730.69,2621.39,772.38,253.61
Copper,Mining,1203,6960.23,31281.81,5870.47,2012.51
Aluminium,Recycling,1898,3349.03,3370.18,1238.54,299.74
Copper,Mining,868,6612.58,21974.72,3426.61,1071.74
Steel,Recycling,1575,1340.33,1319.25,527.29,68.19
Aluminium,Recycling,1202,2489.07,4100.58,699.31,103.93
Steel,Recycling,195,168.11,230.96,40.18,16.27
Steel,Mining,1719,5075.59,2822.53,762.7,260.01
Aluminium,Mining,1656,28212.63,17807.85,19549.36,1243.95
Aluminium,Mining,646,10463.18,12452.77,6300.09,503.43
Steel,Mining,459,1026.17,416.91,123.83,48.77
Steel,Mining,754,1320.88,1404.24,170.87,124.47
Aluminium,Recycling,1846,2305.23,5925.4,1380.69,298.19
Copper,Recycling,141,188.64,505.81,59.84,18.93
Steel,Mining,830,1522.93,1250.59,209.66,96.96
Steel,Mining,344,775.05,647.52,87.31,60.72
Steel,Mining,1076,1739.79,1627.36,382.88,143.55
Steel,Mining,868,1890.49,1354.39,402.78,79.14
Aluminium,Mining,1913,29956.7,21024.28,19048.48,1268.79
Aluminium,Recycling,560,508.95,881.23,310.61,73.14
Copper,Mining,1514,10448.24,36249.98,6228.89,1373.77
Copper,Mining,785,4740.68,16017.61,3667.89,1391.03
Copper,Recycling,1864,2380.11,6174.01,1269.15,214.63
Copper,Recycling,296,345.55,1158.12,152.5,15.02
Aluminium,Recycling,1596,3977.58,5498.52,1029.62,125.41
Steel,Recycling,757,410.83,423.29,229.93,69.78
Steel,Mining,520,1183.84,733.94,220.66,60.04
Copper,Recycling,1230,1296.18,4289.43,468.92,168.37
Aluminium,Mining,1505,21719.93,25771.64,14710.25,1293.86
Copper,Recycling,706,892.47,1482.71,441.44,97.01
Aluminium,Mining,1613,29015.7,30847.79,13506.96,1239.08
Aluminium,Mining,1948,28561.88,28005.88,18785.41,1501.02
Aluminium,Mining,302,5241.72,4982.88,3371.99,167.62
Copper,Mining,1930,17360.18,42617.41,10278.39,2391.24
Steel,Recycling,1953,1750.6,1450.58,496.49,185.19
Steel,Recycling,1846,806.75,1241.72,540.28,221.12
Steel,Mining,1736,4806.37,2003.15,513.19,337.13
Steel,Mining,1578,4016.24,1866.29,457.75,279.66
Copper,Recycling,1208,1247.03,4382.69,411.92,165.26
Aluminium,Recycling,1473,1671.8,4433.05,1136.98,251.14
Steel,Recycling,1428,827.71,1087.51,360.66,113.93
Aluminium,Mining,1910,33945.81,25364.92,19941.03,1449.81
Steel,Mining,335,513.85,405.92,77.99,58.96
Copper,Mining,1606,9584.97,30483.62,5922.32,2893.9
Copper,Recycling,433,802.7,1541.33,167.02,31.23
Aluminium,Mining,348,4912.19,5672.48,3896.64,272.8
Aluminium,Recycling,1029,947.71,2384.18,406.97,159.44
Aluminium,Mining,1689,25592.41,21976.44,13834.6,1128.13
Aluminium,Mining,579,9342.77,7581.82,6504.77,398.12
Steel,Mining,1869,4424.08,3195.79,500.28,250.73
Copper,Mining,1865,9529.04,31227.61,5972.97,2910.14
Steel,Recycling,301,241.22,367.95,91.0,19.75
Steel,Mining,1408,3652.25,1693.68,286.41,148.07
Aluminium,Mining,1212,18796.71,23426.17,13911.83,1081.48
Copper,Recycling,1096,1144.06,4161.03,413.2,111.12
Aluminium,Recycling,843,1933.7,3718.33,353.33,56.44
Aluminium,Recycling,566,667.3,2156.53,265.54,52.88
Copper,Mining,1060,7568.82,26835.54,4744.34,1808.96
Aluminium,Recycling,1969,1931.39,7262.76,1403.74,238.09
Copper,Mining,121,605.04,3294.91,670.8,146.73
Aluminium,Mining,1456,22666.76,23223.8,17110.92,908.3
Aluminium,Mining,618,8742.53,10177.85,5651.27,522.12
Aluminium,Mining,1766,29264.71,32324.58,18964.6,1575.85
Aluminium,Recycling,1105,1076.71,1704.94,449.06,129.78
Steel,Mining,1558,4615.69,2419.64,543.5,220.14
Aluminium,Recycling,841,1581.5,3700.8,537.42,94.41
Aluminium,Recycling,1566,2982.92,5335.82,581.37,204.69
Steel,Recycling,373,238.38,356.21,129.72,26.07
Copper,Mining,1126,7928.9,23591.7,5074.32,1796.21
Steel,Mining,709,1993.86,594.62,197.7,130.08
Copper,Recycling,1372,1706.53,2853.42,897.65,120.92
Steel,Mining,1845,4110.67,2237.04,746.79,158.32
Steel,Recycling,377,208.23,546.21,81.6,33.78
Aluminium,Mining,1636,25671.7,31343.2,13424.66,1006.22
Copper,Recycling,1371,1468.64,5180.81,685.76,187.48
Copper,Recycling,582,859.18,1255.9,384.77,70.67
Steel,Mining,547,1632.61,504.83,245.61,93.08
Steel,Mining,697,1634.96,811.79,269.61,94.56
Copper,Mining,195,1006.13,4821.93,645.39,382.62
Steel,Mining,849,1688.64,1145.35,236.62,155.81
Aluminium,Recycling,161,154.44,372.6,93.56,20.5
Steel,Recycling,1518,786.55,1772.7,368.99,80.12
Aluminium,Mining,311,5362.84,5714.24,3710.09,165.99
Copper,Mining,366,3150.51,8450.68,1099.32,704.65
Copper,Mining,583,4390.94,11582.87,2041.71,659.56
Aluminium,Mining,759,12472.79,8088.53,6906.95,571.7
Copper,Mining,1136,6163.78,18273.46,4410.81,2199.77
Aluminium,Recycling,1636,2601.25,5948.76,750.01,103.79
Steel,Mining,548,846.09,971.51,155.79,97.02
Aluminium,Mining,1080,17849.1,19564.17,8912.59,875.31
Aluminium,Recycling,309,602.67,1428.39,92.03,34.18
Copper,Recycling,1186,2059.15,3684.25,561.13,128.7
Steel,Mining,649,1287.81,740.06,236.36,62.09
Aluminium,Recycling,1898,1951.7,3613.79,586.23,239.88
Steel,Mining,408,823.12,338.43,94.4,53.01
Steel,Mining,1311,3877.66,2618.52,567.36,220.11
Aluminium,Recycling,1688,2849.97,5193.64,833.02,275.52
Aluminium,Mining,1714,25627.26,22689.44,14906.63,892.92
Steel,Mining,213,479.13,315.3,66.1,23.56
Steel,Recycling,922,599.34,502.77,163.57,61.45
Copper,Mining,946,6819.17,22101.81,3345.21,1391.48
Aluminium,Recycling,1205,1975.54,2146.76,327.67,134.77
Copper,Recycling,629,1085.14,1961.26,418.32,91.01
Copper,Mining,1800,11957.52,30853.23,8546.29,3097.78
Steel,Recycling,982,613.18,1035.75,227.44,41.34
Steel,Recycling,1135,712.79,636.11,315.01,130.2
Steel,Mining,1518,2434.47,2758.73,665.66,244.03
Aluminium,Recycling,508,1111.6,1580.42,212.27,78.96
Copper,Mining,1098,6507.85,20823.96,4064.86,1759.33
Steel,Mining,593,1333.88,897.04,212.58,117.01
Aluminium,Recycling,242,591.38,599.42,145.88,26.13
Steel,Recycling,224,151.95,244.53,66.54,12.1
Copper,Mining,568,4689.84,14661.35,3074.17,832.92
Steel,Recycling,945,835.28,999.14,167.09,56.16
Aluminium,Mining,1669,26612.34,20471.0,14270.39,886.02
Aluminium,Mining,1969,28459.62,38337.63,20853.36,1105.77
Copper,Recycling,1321,2013.36,3787.74,759.19,83.72
Steel,Recycling,694,292.2,1009.99,115.07,79.06
Copper,Recycling,421,443.55,1120.78,290.39,38.28
Steel,Mining,741,1242.5,864.34,188.89,120.94
Aluminium,Mining,1686,25885.95,26940.36,18810.55,1279.54
Aluminium,Mining,1119,19751.82,12791.49,11016.11,673.18
Copper,Recycling,310,435.07,642.22,161.09,41.1
Aluminium,Mining,1139,19528.89,17171.82,9204.64,967.39
Copper,Recycling,629,1100.1,2124.57,260.42,55.76
Steel,Mining,1769,3672.3,2607.33,700.38,228.37
Steel,Recycling,794,539.06,687.29,142.01,70.03
Aluminium,Mining,1408,25130.15,23799.61,13836.9,874.15
Steel,Recycling,886,737.22,813.47,303.49,99.4
Copper,Recycling,1233,2012.98,2961.39,677.74,97.48
Steel,Mining,1760,4587.3,2863.45,806.63,269.69
Aluminium,Mining,1376,23076.65,22701.75,15696.12,1157.13
Aluminium,Mining,482,7704.68,7218.06,5638.07,341.12
Steel,Mining,1716,3544.37,2297.52,651.02,257.18
Steel,Recycling,1055,486.63,1001.82,187.98,46.47
Aluminium,Recycling,1212,2419.17,4412.74,961.09,167.83
Copper,Recycling,1466,1607.77,4890.99,913.72,133.99
Copper,Mining,317,1952.51,8016.35,1527.84,360.69
Copper,Mining,1185,7958.25,34455.44,5268.95,2041.05
Steel,Mining,848,1966.97,854.21,289.43,168.31
Aluminium,Recycling,1376,1835.11,6148.04,888.71,132.15
Steel,Mining,1180,3479.67,1387.78,373.58,149.98
Steel,Mining,1099,2188.04,882.46,475.03,184.55
Steel,Recycling,381,312.9,278.68,111.04,15.52
Copper,Recycling,1811,1999.21,5569.75,1052.37,267.34
Steel,Recycling,1869,774.12,1019.47,520.13,161.0
Steel,Mining,1194,2698.34,2273.94,486.57,173.41
Aluminium,Recycling,1844,2244.78,8798.05,743.89,210.39
Aluminium,Recycling,899,1124.51,3815.58,449.73,99.57
Steel,Mining,1589,3483.78,2621.91,526.81,182.67
Copper,Mining,1075,6724.65,19649.38,5075.22,1095.79
Copper,Mining,482,3458.1,9570.21,2123.3,887.46
Copper,Mining,1812,13543.59,31419.96,6015.96,3450.46
Copper,Mining,1552,12376.55,23445.62,7088.95,2209.6
Steel,Mining,555,941.32,992.57,172.98,86.38
Aluminium,Mining,1023,17941.91,19748.73,9881.76,673.73
Copper,Recycling,638,1168.5,2517.7,282.74,58.04
Copper,Mining,1997,13481.16,41790.62,9949.39,2733.46
Aluminium,Recycling,1427,1314.82,5311.9,775.97,127.54
Steel,Mining,1177,3285.01,2298.29,367.31,227.2
Aluminium,Recycling,762,759.76,3203.39,552.98,121.15
Steel,Mining,232,416.82,365.44,102.73,21.12
Aluminium,Mining,1736,25901.94,31281.54,15408.77,1000.03
Copper,Mining,312,1887.54,5406.68,1548.92,581.12
Copper,Mining,1323,9031.03,34707.15,7450.98,1748.97
Copper,Recycling,233,424.96,604.96,97.01,28.61
Copper,Mining,1474,11234.67,24322.0,7161.5,2771.33
Copper,Recycling,1584,3111.44,4099.96,587.62,187.33
Copper,Recycling,561,941.19,1423.91,260.19,29.17
Steel,Recycling,1539,747.48,1538.78,364.41,158.13
Aluminium,Recycling,410,431.99,1422.67,171.01,73.5
Copper,Recycling,805,1056.23,1775.36,403.57,64.89
Aluminium,Mining,1151,16792.39,16545.31,13565.29,677.73
Steel,Recycling,711,449.0,866.78,166.96,50.01
Copper,Mining,1748,9366.16,34292.3,7405.6,1725.03
Steel,Recycling,1795,1478.96,2070.96,577.35,180.88
Aluminium,Mining,871,12731.42,10285.17,9381.87,653.16
Copper,Mining,1449,7631.48,39887.93,4911.13,2678.03
Steel,Recycling,432,330.72,496.06,126.89,17.77
Steel,Recycling,1475,1002.15,1444.61,477.74,98.29
Aluminium,Mining,1772,26223.46,28434.64,20363.84,922.99
Copper,Mining,1136,7402.37,20201.5,3471.8,2076.83
Copper,Recycling,821,1282.63,2598.97,555.87,99.35
Steel,Mining,1545,4172.92,2939.24,582.54,248.21
Copper,Mining,246,1764.5,4360.12,1399.03,270.62
Copper,Mining,114,819.98,2032.46,643.7,151.0
Steel,Recycling,786,426.23,1170.43,203.31,62.5
Copper,Mining,705,5835.76,16302.48,3075.38,1220.43
Aluminium,Mining,1628,26246.5,22404.44,15978.14,916.5
Aluminium,Recycling,1227,1185.83,4641.14,671.57,75.79
Steel,Recycling,124,50.64,151.55,31.89,7.8
Steel,Recycling,1921,1289.12,2193.42,310.71,82.04
Aluminium,Recycling,271,512.91,535.21,136.57,17.9
Steel,Mining,1258,2835.02,1592.7,319.46,148.78
Aluminium,Recycling,825,1254.07,2586.03,537.07,116.16
Steel,Mining,691,1210.85,932.01,292.12,118.79
Copper,Recycling,1997,2759.02,5657.77,1228.64,236.67
Aluminium,Mining,746,13229.18,11304.76,8919.54,535.04
Copper,Recycling,1695,2302.83,3487.69,972.57,226.88
Copper,Recycling,148,215.97,394.19,49.58,8.2
Steel,Recycling,1505,980.15,2099.65,437.52,97.64
Copper,Mining,713,3591.05,15298.51,2765.56,768.23
Copper,Recycling,581,626.8,1678.15,307.47,34.16
Copper,Recycling,1449,1770.31,3887.25,915.7,212.2
Copper,Mining,1773,9704.2,32721.06,9633.63,2950.82
Steel,Mining,1905,3939.67,2772.21,438.97,262.01
Steel,Recycling,1334,559.98,764.09,414.78,116.07
Aluminium,Mining,1722,29761.31,34109.69,17187.82,886.5
Aluminium,Recycling,361,314.47,1002.24,275.51,63.78
Aluminium,Mining,1861,31088.55,31160.7,17846.33,1560.07
Steel,Mining,932,1566.79,1146.31,401.79,125.1
Copper,Recycling,1426,1950.4,4530.07,849.01,99.32
Copper,Mining,804,4083.79,13522.12,4504.09,1572.41
Aluminium,Mining,1721,29180.73,17916.0,20025.9,1254.03
Aluminium,Recycling,1748,2335.8,4260.04,639.84,302.66
Steel,Recycling,547,427.17,645.65,147.23,56.34
Aluminium,Recycling,1475,2809.57,4474.19,788.63,109.92
Aluminium,Mining,188,3178.89,3588.45,1999.5,116.68
Copper,Mining,422,2953.86,10672.03,1694.44,828.63
Aluminium,Mining,840,13852.05,12587.34,8205.26,437.34
Steel,Mining,305,570.89,332.26,109.83,53.36
Steel,Recycling,1022,659.5,874.64,345.67,76.19
Steel,Mining,509,1215.67,740.47,205.9,74.32
Steel,Mining,797,2052.6,1516.32,361.27,94.71
Steel,Mining,1830,3597.87,1653.7,616.75,227.41
Copper,Recycling,1762,2472.78,4328.95,1041.11,111.22
Steel,Recycling,712,342.63,527.22,225.65,50.65
Copper,Recycling,1966,2982.16,6961.58,994.25,198.32
Aluminium,Recycling,494,660.2,2025.44,381.85,70.55
Steel,Recycling,1398,667.04,1243.69,310.55,66.16
Aluminium,Recycling,1164,2762.73,3939.65,751.58,173.48
Steel,Recycling,1477,938.33,1531.19,471.8,110.0
Steel,Mining,673,1459.75,658.43,258.59,103.67
Copper,Mining,506,3259.5,7985.34,2530.04,995.77
Aluminium,Mining,1433,25093.01,22230.63,16425.0,963.02
Copper,Recycling,1698,3340.2,5712.75,831.41,107.37
Steel,Mining,249,379.73,219.38,69.39,21.11
Aluminium,Mining,662,10834.08,8949.86,5492.46,453.27
Aluminium,Recycling,507,537.33,2113.58,277.16,77.79
Aluminium,Mining,1657,27398.48,31028.64,16196.7,1288.48
Steel,Mining,1850,4029.86,3140.73,508.67,250.57
Aluminium,Recycling,1734,2579.04,3602.66,879.25,130.6
Aluminium,Mining,448,6585.72,7210.52,4269.52,346.42
Steel,Mining,584,1395.05,1032.19,239.02,110.77
Aluminium,Mining,1170,19233.89,15957.61,13655.94,766.31
Copper,Mining,1166,10333.21,24730.67,4141.23,965.12
Aluminium,Mining,1197,16836.69,18139.05,10734.4,667.24
Steel,Recycling,436,245.93,444.87,75.54,24.6
Copper,Recycling,1309,1940.82,4107.49,622.12,145.47
Copper,Recycling,1687,2421.25,6129.73,554.77,200.09
Steel,Mining,1178,2611.61,1411.34,452.64,208.24
Copper,Recycling,961,1596.86,3195.29,392.08,106.25
Steel,Mining,786,1180.72,1248.77,357.4,131.47
Aluminium,Mining,1986,30086.94,24377.88,16605.97,1770.19
Aluminium,Recycling,1312,2589.95,4848.3,401.53,200.34
Steel,Mining,221,520.48,317.96,83.77,22.15
Steel,Mining,1386,3634.65,2638.77,533.36,184.46
Aluminium,Recycling,1697,2972.81,7740.86,1333.18,254.44
Aluminium,Mining,1740,24934.98,24786.29,16917.03,1562.59
Copper,Mining,1223,6378.31,32487.78,5591.49,2440.15
Copper,Recycling,234,283.32,762.61,90.15,27.74
Aluminium,Recycling,978,1290.13,3592.78,572.42,145.54
Copper,Mining,881,7323.76,14826.72,4673.21,968.0
Copper,Mining,906,7648.09,24134.53,3960.66,855.66
Copper,Recycling,1120,1620.72,2505.9,558.82,129.18
Aluminium,Mining,1291,21870.51,17202.82,10556.95,927.46
Steel,Mining,403,659.64,442.44,123.61,57.07
Aluminium,Mining,1788,31784.83,35176.83,16414.85,1516.51
Steel,Mining,1596,4721.33,2492.65,653.06,290.49
Steel,Mining,310,880.83,498.77,72.73,52.36
Copper,Mining,300,2010.59,5645.33,1589.27,567.63
Aluminium,Mining,1031,15954.05,18032.31,9329.15,672.63
Aluminium,Recycling,702,826.05,2752.72,293.73,91.11
Steel,Mining,1729,3979.53,1835.15,568.66,182.27
Steel,Recycling,1122,757.71,1619.57,244.05,113.4
Steel,Recycling,1353,734.39,1916.5,335.87,67.39
Steel,Mining,1486,2895.12,2651.18,374.71,288.66
Aluminium,Mining,1037,14671.41,12460.5,11577.52,885.93
Steel,Recycling,1014,708.68,1220.13,161.97,100.63
Copper,Recycling,334,557.43,965.71,221.04,37.2
Steel,Mining,1833,3405.63,2004.16,875.05,172.15
Copper,Mining,920,5629.04,16282.47,3121.94,1371.79
Steel,Recycling,937,459.12,595.4,260.77,92.15
Copper,Mining,1586,10111.39,33607.05,7831.34,2244.29
Steel,Mining,883,2229.42,889.51,233.48,90.47
Steel,Mining,1368,2162.01,1683.8,277.53,131.85
Copper,Mining,133,772.65,3709.89,600.24,173.4
Aluminium,Recycling,1607,1749.18,2887.43,857.33,218.48
Aluminium,Recycling,839,927.14,1300.05,456.23,77.96
Steel,Mining,890,1920.02,1160.19,222.41,115.42
Steel,Recycling,413,228.0,273.39,139.16,23.97
Aluminium,Recycling,1723,2279.43,7101.09,970.16,163.05
Aluminium,Mining,841,13500.53,9327.14,8422.91,738.54
Aluminium,Mining,871,14435.93,11571.03,7413.23,680.37
Steel,Mining,1642,4616.89,2577.76,661.96,144.84
Aluminium,Recycling,1657,2826.18,3214.85,1015.51,287.69
Steel,Recycling,596,253.53,837.49,116.3,34.94
Aluminium,Mining,765,11235.93,14899.25,7527.9,593.52
Steel,Mining,1273,2657.26,2537.27,623.2,106.79
Aluminium,Recycling,289,542.82,1272.39,79.26,28.91
Copper,Mining,1996,14772.36,32578.93,7563.39,2485.02
Copper,Mining,109,681.56,2919.55,559.89,171.02
Aluminium,Mining,297,5042.57,4076.76,2530.58,155.63
Copper,Mining,1744,12300.69,32901.26,8046.31,3055.61
Copper,Mining,1625,14218.24,37072.58,6109.9,2545.11
Steel,Recycling,1766,995.53,1903.2,375.35,178.45
Copper,Mining,655,5600.75,17498.07,3809.68,1111.85
Steel,Recycling,1433,724.24,1536.37,392.1,60.79
Copper,Recycling,1844,2487.02,4617.37,897.44,217.07
Aluminium,Recycling,651,1158.53,2715.24,225.48,79.6
Copper,Recycling,1176,1434.68,2784.46,384.87,118.2
Steel,Mining,1605,4080.61,2229.68,598.29,175.09
Steel,Recycling,1553,1341.27,1766.85,479.47,125.33
Copper,Recycling,881,1347.79,2489.89,571.19,57.33
Steel,Mining,278,600.09,553.98,120.29,30.14
Aluminium,Mining,207,3026.82,3631.68,1697.2,110.25
Aluminium,Recycling,1423,1376.48,4139.76,621.31,232.52
Copper,Mining,1530,9067.83,26839.63,4755.52,1663.28
Copper,Recycling,523,865.35,1523.19,228.21,69.31
Steel,Recycling,1128,909.82,1324.31,351.07,127.22
Steel,Mining,1641,3277.73,2880.74,380.36,150.7
Aluminium,Mining,1386,19942.68,22556.57,11306.56,1130.21
Aluminium,Mining,1950,27525.79,25825.31,16037.73,1254.6
Aluminium,Recycling,786,753.58,3797.95,298.03,76.44
Copper,Mining,1420,11398.04,38457.69,6128.94,1464.81
Steel,Mining,1262,2010.9,2012.81,301.89,145.13
Steel,Recycling,605,460.07,602.46,165.37,46.36
Aluminium,Mining,1921,29967.77,27657.34,22717.58,1221.02
Aluminium,Recycling,589,746.15,1043.23,239.81,54.54
Steel,Mining,1616,3015.24,1631.1,400.83,237.85
Steel,Recycling,560,487.62,830.07,170.37,53.98
Copper,Mining,1511,9838.24,39083.51,5669.41,1280.4
Steel,Recycling,1251,935.86,797.23,341.69,108.77
Copper,Recycling,1542,1589.79,5990.49,564.37,214.3
Aluminium,Mining,1084,18966.17,16851.22,9116.83,908.78
Aluminium,Recycling,383,638.15,696.36,105.68,28.02
Aluminium,Recycling,1374,2346.81,6422.42,790.79,191.76
Copper,Mining,186,1560.92,3825.64,734.0,349.26
Copper,Recycling,1649,2621.46,5123.78,1049.29,217.41
Copper,Recycling,1128,1772.34,3421.94,596.25,167.25
Copper,Recycling,425,452.89,1453.13,196.08,54.42
Copper,Recycling,957,1881.11,3229.05,645.54,102.66
Steel,Recycling,305,185.03,371.29,51.88,31.01
Aluminium,Recycling,181,421.4,404.58,70.09,13.09
Aluminium,Recycling,1798,3359.9,8269.15,807.12,149.37
Copper,Recycling,267,393.44,595.68,163.92,25.92
Steel,Recycling,570,288.25,779.83,186.68,44.48
Aluminium,Recycling,588,735.91,1151.35,355.75,67.54
Aluminium,Mining,485,7413.76,7156.8,4172.67,254.5
Steel,Mining,1701,4371.67,2339.93,738.97,206.3
Aluminium,Mining,1630,25529.08,19572.96,18168.06,1386.45
Aluminium,Mining,1829,31371.89,27575.64,18580.96,1454.89
Aluminium,Recycling,657,840.29,1469.84,288.15,93.62
Aluminium,Mining,1140,19363.09,12956.2,9438.33,922.34
Aluminium,Mining,138,2185.78,1487.45,1276.81,92.7
Aluminium,Recycling,291,691.07,1300.9,99.37,34.42
Steel,Mining,851,1968.42,1453.63,364.23,113.15
Copper,Recycling,401,449.23,1409.27,148.03,59.52
Copper,Mining,1489,11311.82,33994.86,6121.48,1268.82
Steel,Recycling,382,251.87,405.26,133.56,29.9
Aluminium,Recycling,638,1320.61,1913.69,364.26,65.99
Copper,Recycling,125,223.32,405.76,63.63,11.49
Aluminium,Recycling,1783,1624.46,5743.24,1011.61,253.85
Steel,Mining,1609,2548.44,3211.03,427.71,292.16
Copper,Mining,113,791.83,1930.55,395.14,100.85
Copper,Recycling,464,697.81,1572.32,199.03,28.55
Aluminium,Mining,841,12070.47,15512.11,7546.52,618.6
Steel,Mining,1107,2350.65,2001.31,383.7,99.54
Steel,Mining,423,914.5,338.74,206.17,44.11
Aluminium,Mining,1747,25262.81,34291.75,14959.61,1548.89
Aluminium,Mining,580,10178.44,6586.85,5692.45,445.55
Steel,Mining,1484,3100.15,1440.38,578.35,230.52
Aluminium,Mining,1401,24230.89,26750.52,12901.47,929.31
Steel,Recycling,1759,1303.36,2366.77,376.28,119.25
Aluminium,Recycling,1674,3163.25,3164.58,818.79,191.58
Steel,Recycling,1511,1151.51,1512.2,521.09,66.93
Steel,Recycling,1100,971.58,1255.86,272.93,58.8
Copper,Recycling,1275,2128.0,2930.32,428.44,128.99
Aluminium,Recycling,669,1390.46,2951.45,260.07,46.72
Copper,Recycling,1827,3360.54,5705.56,982.03,143.0
Steel,Recycling,1228,659.71,1381.53,335.1,58.3
Aluminium,Recycling,1502,2029.62,6292.02,421.71,238.24
Aluminium,Mining,586,10476.72,9438.09,6451.6,476.72
Copper,Recycling,1146,2044.82,4122.9,475.65,133.45
Steel,Mining,1066,2445.56,1833.74,532.87,209.87
Copper,Mining,1417,8676.63,24448.36,4919.93,2157.28
Copper,Recycling,1478,1652.86,2973.44,869.23,83.25
Copper,Mining,1975,13912.96,41412.18,10369.75,1883.94
Copper,Recycling,712,1312.27,2204.08,303.0,88.06
Copper,Mining,271,1662.06,7629.06,1145.23,278.27
Steel,Recycling,596,247.81,863.13,102.5,24.74
Copper,Mining,1200,8628.12,19532.28,4356.19,2027.66
Aluminium,Mining,168,2741.47,2910.36,1404.57,103.83
Aluminium,Mining,294,4483.56,3858.82,2651.75,259.14
Aluminium,Recycling,537,1218.94,2501.64,182.88,32.36
Steel,Recycling,1961,799.43,2818.27,671.48,96.84
Aluminium,Recycling,1662,1916.68,3720.53,1019.2,131.04
Steel,Mining,1733,3609.2,3331.25,862.1,174.77
Steel,Recycling,1644,1051.27,1220.82,445.33,92.66
Steel,Mining,610,1492.14,1075.19,267.46,121.22
Steel,Recycling,423,262.18,416.34,80.71,37.45
Aluminium,Mining,1067,15978.24,16552.0,10173.15,926.95
Copper,Recycling,934,1296.42,3045.25,441.98,48.28
Aluminium,Recycling,1578,3611.96,3821.7,828.96,128.51
Copper,Recycling,1932,3209.13,4216.15,1000.1,132.32
Steel,Mining,391,1003.88,356.45,186.27,73.38
Steel,Recycling,1412,683.86,2035.55,255.34,130.89
Aluminium,Mining,1015,14381.96,18980.88,9551.39,912.75
Aluminium,Mining,1219,17836.29,17574.69,11436.98,896.0
Copper,Mining,750,5207.58,14943.89,3733.7,1224.11
Steel,Recycling,1070,705.84,694.37,351.63,54.77
Steel,Recycling,570,298.54,482.31,116.92,65.55
Steel,Recycling,370,242.95,354.02,59.77,28.49
Copper,Recycling,1196,2248.64,4491.92,485.16,138.11
Aluminium,Recycling,240,510.74,907.47,159.56,41.75
Aluminium,Recycling,1751,1993.55,2776.19,673.55,204.9
Copper,Recycling,671,1044.48,1516.55,358.04,50.66
Copper,Recycling,1882,2775.16,5839.22,823.75,251.75
Copper,Mining,1853,12088.11,31848.73,10890.9,1814.94
Copper,Mining,1251,10550.94,19660.27,4124.45,1246.01
Aluminium,Mining,747,10909.06,7980.1,7297.32,463.98
Aluminium,Recycling,1712,3410.6,4860.19,464.46,199.42
Aluminium,Mining,1447,25058.92,18339.97,12620.25,1130.22
Aluminium,Mining,738,12462.15,13113.05,7579.54,394.08
Copper,Mining,929,7503.35,16899.82,2889.16,1033.74
Copper,Recycling,1845,2381.1,6647.89,784.28,228.51
Steel,Mining,672,1394.08,875.67,263.96,118.05
Steel,Mining,1695,4935.7,1410.56,769.74,313.74
Aluminium,Mining,1964,32259.93,29395.72,22815.04,1206.83
Copper,Recycling,1755,1777.41,3883.71,793.87,97.06
Copper,Recycling,586,642.21,1632.48,304.64,58.07
Steel,Recycling,1996,1087.29,1072.78,418.52,176.09
Copper,Mining,259,1830.26,5347.04,1481.93,367.69
Aluminium,Mining,613,10243.88,10549.29,6520.31,512.06
Steel,Mining,886,1796.19,1165.33,387.47,97.22
Steel,Recycling,125,68.24,110.97,20.87,14.01
Copper,Mining,612,4759.38,18048.39,2869.98,1055.06
Copper,Recycling,1108,1263.62,3804.55,652.19,67.25
Aluminium,Recycling,1514,2436.57,6043.05,751.69,93.97
Copper,Recycling,1730,3364.83,4795.13,892.84,135.43
Copper,Mining,1347,6938.43,27970.31,8019.15,2070.01
Steel,Mining,554,1255.37,788.1,207.28,82.56
Copper,Recycling,807,1550.4,1828.13,471.42,119.05
Aluminium,Recycling,530,811.33,1870.87,323.35,61.37
Aluminium,Mining,402,6007.92,4608.71,3533.21,297.87
Steel,Recycling,790,628.35,843.55,238.15,42.69
Steel,Mining,1895,3621.4,3004.53,521.35,236.16
Aluminium,Recycling,422,378.41,1383.06,303.1,28.79
Copper,Recycling,194,206.29,642.13,59.16,26.55
Copper,Mining,1090,6556.47,21363.78,4396.05,1794.79
Steel,Recycling,604,456.96,351.55,109.23,58.55
Aluminium,Recycling,733,1417.42,1936.32,464.33,92.75
Steel,Recycling,1353,1139.39,765.46,310.69,131.72
Aluminium,Recycling,1069,1861.03,2889.67,853.22,134.74
Aluminium,Recycling,1062,1375.44,2453.4,678.43,153.31
Steel,Recycling,1812,1084.48,1803.64,611.23,211.95
Aluminium,Mining,1810,26744.68,30377.35,18609.84,1223.99
Steel,Recycling,1490,914.26,1483.47,513.24,171.84
Copper,Mining,1293,8265.35,38077.96,4951.57,1975.23
Aluminium,Recycling,1840,3875.83,5692.88,1356.77,237.51
Copper,Mining,1178,9841.1,18174.85,5878.98,2158.62
Steel,Mining,810,1850.45,1409.06,337.15,81.03
Copper,Mining,387,2625.75,6844.94,2262.45,615.83
Copper,Recycling,669,702.68,1635.98,372.85,60.43
Steel,Recycling,516,302.04,471.59,135.45,29.77
Steel,Recycling,458,278.9,612.62,154.25,19.65
Copper,Recycling,777,959.21,1573.81,260.76,47.43
Copper,Recycling,1346,2262.37,3773.43,616.89,185.61
Aluminium,Recycling,239,465.54,555.25,75.51,39.87
Aluminium,Recycling,354,565.26,907.77,166.87,32.81
Aluminium,Mining,667,11628.23,7635.07,5682.82,400.37
Copper,Recycling,1743,3154.88,4894.69,745.72,111.54
Steel,Mining,1012,2085.91,1371.94,408.71,164.81
Steel,Recycling,257,176.55,264.57,59.01,23.63
Aluminium,Recycling,1307,2514.68,6231.57,632.36,163.83
Steel,Mining,839,2433.84,804.08,384.47,124.34
Steel,Mining,1155,3031.53,1886.86,534.99,155.42
Aluminium,Mining,469,7589.31,6196.48,3902.21,358.49
Aluminium,Recycling,1047,1282.23,4953.81,516.93,171.04
Steel,Mining,163,439.09,173.54,34.2,17.44
Aluminium,Mining,1468,21054.73,28987.93,12141.41,1042.9
Aluminium,Recycling,1639,3918.44,2511.94,969.69,209.07
Steel,Recycling,1728,1314.72,1361.3,457.39,144.21
Steel,Mining,910,2164.91,1095.52,270.07,179.36
Copper,Recycling,1480,2586.85,5450.51,613.27,199.4
Steel,Mining,456,1167.71,672.31,212.9,70.06
Aluminium,Recycling,433,618.89,967.01,171.83,74.65
Steel,Mining,1048,1988.59,989.2,259.15,170.12
Copper,Recycling,211,287.13,602.45,88.16,24.52
Copper,Recycling,1471,2755.39,4469.19,846.26,164.49
Aluminium,Mining,1417,25302.1,15031.9,14050.87,936.14
Copper,Recycling,759,1141.62,2101.92,525.08,107.47
Aluminium,Recycling,184,255.81,551.88,83.5,22.21
Steel,Recycling,223,193.41,126.89,75.1,9.49
Steel,Recycling,714,420.0,895.65,174.72,77.07
Copper,Mining,1891,13653.55,31860.57,5701.53,2866.73
Steel,Recycling,1920,1370.08,1516.17,655.35,150.98
Steel,Recycling,348,310.61,449.64,68.68,27.67
Copper,Recycling,1661,2073.32,4643.72,726.1,131.91
Aluminium,Recycling,1904,1745.86,4483.91,774.44,214.36
Copper,Recycling,215,257.98,752.58,78.34,16.91
Aluminium,Recycling,888,2068.29,1922.76,243.68,99.75
Steel,Recycling,1513,1138.52,1236.18,332.5,173.54
Copper,Mining,1160,10011.85,23685.77,5114.47,1560.86
Copper,Recycling,1726,2160.79,3695.17,1085.05,243.54
Copper,Recycling,428,444.87,1280.88,163.96,61.34
Copper,Mining,416,2788.98,9892.71,1574.11,600.42
Copper,Mining,1028,7592.95,16481.56,4250.4,985.5
Steel,Mining,1519,2432.97,1683.04,353.03,121.75
Steel,Mining,1164,2467.2,2182.14,392.89,197.59
Aluminium,Recycling,1187,2943.07,4254.31,916.98,198.19
Copper,Mining,429,2460.73,10404.65,1612.28,402.21
Copper,Mining,326,2460.51,7910.7,1244.15,504.42
Copper,Mining,611,3454.03,15920.69,2547.36,766.21
Copper,Mining,1167,7172.24,34371.59,3702.18,2016.96
Copper,Mining,1391,9831.63,35899.49,7450.19,1613.62
Steel,Mining,1433,4243.6,1380.48,424.45,277.53
Aluminium,Mining,1872,27320.68,28802.23,17560.29,1349.28
Steel,Recycling,447,209.83,358.11,111.14,20.14
Copper,Mining,1410,10656.94,27699.34,5698.52,2041.12
Copper,Mining,1921,10207.48,46497.72,8435.6,3741.94
Copper,Recycling,1722,1786.34,6462.82,692.79,178.18
Copper,Mining,1355,8309.56,28654.28,5374.03,1240.51
Aluminium,Mining,1922,33305.01,28216.1,20287.99,1238.48
Aluminium,Mining,1836,31756.86,20043.12,16245.71,1387.64
Steel,Mining,1671,3547.78,2744.07,375.52,241.27
Steel,Recycling,1853,1332.98,1677.87,436.46,122.73
Copper,Mining,1606,8916.95,44899.68,5391.76,1727.62
Aluminium,Recycling,111,257.24,500.78,81.81,17.03
Copper,Mining,498,3395.88,10487.55,1500.95,503.0
Copper,Mining,1627,11946.14,41510.03,5235.31,3113.52
Aluminium,Mining,928,15625.66,13156.2,7851.52,471.74
Aluminium,Mining,1918,28605.0,25680.71,18823.24,1278.15
Aluminium,Mining,1646,26417.29,22141.55,13898.1,1269.54
Steel,Mining,884,2546.22,897.04,431.48,74.47
Steel,Recycling,1355,757.8,1209.95,370.32,145.54
Aluminium,Mining,1256,20814.39,24950.84,11671.8,1115.82
Aluminium,Recycling,211,367.29,831.54,67.4,34.65
Aluminium,Recycling,1862,3310.34,8989.27,1489.16,261.93
Steel,Recycling,1120,1005.74,1082.83,364.91,89.36
Steel,Recycling,931,586.06,691.93,269.48,59.58
Aluminium,Recycling,1706,2736.52,4989.56,515.01,237.27
Aluminium,Recycling,610,1439.42,1174.1,197.24,70.61
Aluminium,Recycling,760,1388.0,1208.8,285.69,107.1
Steel,Mining,1430,3605.86,1257.45,585.73,239.66
Steel,Mining,1754,3039.8,2090.94,659.38,300.96
Steel,Mining,1253,1895.43,1979.77,416.03,208.86
Steel,Mining,979,2039.51,1611.12,256.24,166.7
Steel,Mining,370,820.12,397.65,83.92,65.38
Aluminium,Mining,234,3584.59,3645.63,2233.82,140.59
Copper,Mining,301,1742.69,7136.39,1762.24,369.8
Copper,Recycling,454,726.92,915.69,182.03,59.25
Copper,Mining,1224,8378.35,28451.84,4739.28,1078.14
Copper,Recycling,1748,1981.13,4938.96,1013.85,218.23
Aluminium,Recycling,123,240.65,233.81,90.61,18.46
Copper,Mining,1270,8406.25,36329.74,4111.42,1539.69
Copper,Mining,1376,10510.71,26099.71,7117.44,1666.62
Copper,Mining,1289,6964.46,26326.58,7199.74,1320.69
Aluminium,Mining,457,6598.95,8529.67,3896.94,293.99
Aluminium,Mining,1810,26422.52,35118.09,18888.29,1211.44
Aluminium,Recycling,298,420.26,805.75,117.85,19.43
Aluminium,Mining,1725,28447.39,18333.42,19573.15,1207.38
Aluminium,Recycling,492,574.58,1571.79,319.07,87.18
Steel,Mining,1146,2386.77,1737.0,426.82,149.86
Aluminium,Recycling,1894,3826.74,4250.5,993.55,314.71
Steel,Mining,1289,2118.3,1237.72,574.88,114.69
Aluminium,Mining,1178,16669.87,15747.08,13034.84,650.75
Aluminium,Recycling,114,104.96,422.81,42.85,19.23
Copper,Mining,1750,8818.2,37314.92,5955.98,3275.87
Aluminium,Recycling,1409,1393.87,5770.46,542.03,108.13
Steel,Recycling,374,308.75,362.04,70.52,18.33
Steel,Recycling,704,335.25,584.23,159.08,75.09
Steel,Recycling,1834,801.76,2417.2,292.9,74.3
Steel,Recycling,1907,1014.97,1651.04,439.85,83.18
Aluminium,Mining,1468,25286.01,15738.07,16804.28,758.84
Copper,Recycling,1926,2177.64,7397.37,664.81,175.51
Copper,Mining,1878,10648.83,50923.39,7534.85,2925.04
Copper,Mining,309,1893.69,5214.56,1333.41,250.24
Steel,Recycling,1352,1163.07,1856.05,401.77,60.82
Aluminium,Mining,672,9495.94,9209.96,6567.81,591.51
Steel,Mining,303,739.1,546.62,62.08,58.03
Steel,Mining,211,564.57,369.78,57.35,26.65
Aluminium,Mining,670,10918.59,12108.38,7625.02,596.18
Steel,Mining,1420,2309.0,2134.75,674.82,126.38
Aluminium,Mining,392,6818.71,6578.11,3823.05,215.79
Copper,Recycling,1071,1822.7,2582.17,615.07,54.55
Copper,Mining,412,2992.03,8432.57,1626.99,541.36
Steel,Recycling,1894,893.27,2197.44,367.83,121.29
Steel,Mining,1599,4673.94,2798.59,780.63,252.48
Copper,Recycling,1788,3185.18,6139.23,613.47,163.51
Steel,Recycling,1294,833.87,1810.16,309.39,57.52
Steel,Recycling,1284,884.44,1568.28,342.45,68.87
Copper,Mining,822,6797.07,16584.25,4420.69,1532.71
Steel,Recycling,583,460.14,505.07,132.09,49.78
Copper,Mining,1223,8291.18,36131.25,6228.58,1238.22
Aluminium,Mining,197,3440.25,2623.89,1674.09,127.5
Copper,Mining,1176,9639.77,26077.57,5435.83,1649.89
Steel,Recycling,916,426.29,797.41,240.29,60.02
Steel,Recycling,1974,1025.82,1621.87,407.85,152.59
Steel,Mining,1677,3986.33,1654.35,418.1,227.95
Steel,Mining,1541,2987.93,2291.9,748.49,218.41
Aluminium,Recycling,1005,2369.11,2145.89,574.79,136.86
Copper,Recycling,639,783.57,1621.22,207.46,80.02
Steel,Recycling,1080,715.88,1370.7,339.84,49.57
Steel,Mining,275,460.38,530.42,66.69,32.29
Steel,Recycling,608,245.28,537.21,145.52,37.31
Steel,Mining,1646,3047.1,2611.51,676.69,131.89
Aluminium,Mining,1440,25746.95,15477.53,16021.59,872.65
Copper,Recycling,1322,1389.23,5109.22,722.13,153.6
Aluminium,Mining,736,11925.67,11424.57,6162.41,660.12
Aluminium,Recycling,820,1072.27,2349.26,607.13,131.44
Copper,Mining,1471,9680.02,34996.86,6697.8,2477.62
Steel,Recycling,923,571.78,959.7,277.71,94.22
Copper,Recycling,991,1191.1,3612.32,355.92,108.52
Copper,Recycling,1446,2713.41,3415.84,490.25,90.8
Steel,Recycling,319,274.03,326.78,63.22,28.58
Copper,Recycling,1514,1873.7,5286.13,1011.86,211.51
Steel,Recycling,822,348.8,642.27,221.53,88.31
Steel,Mining,359,942.25,663.49,150.74,33.81
Steel,Mining,1333,2635.77,2360.17,511.09,208.96
Copper,Recycling,1036,1718.16,4053.23,366.59,103.48
Aluminium,Recycling,549,693.93,1756.66,254.67,77.01
Copper,Recycling,1174,2075.08,3701.97,617.53,173.5
Steel,Recycling,546,376.28,297.73,119.52,24.63
Copper,Mining,1679,14942.91,31409.78,10046.47,1744.51
Copper,Recycling,888,1020.01,3243.75,583.26,98.83
Steel,Mining,544,886.74,500.78,231.6,82.01
Aluminium,Mining,304,4895.56,4429.06,3310.49,201.85
Copper,Mining,1737,12147.85,35731.75,8842.73,1455.75
Steel,Mining,157,401.16,191.86,58.14,15.24
Steel,Mining,1361,2353.2,1225.33,304.46,259.29
Aluminium,Mining,1007,16764.29,14960.61,9836.55,613.53
Copper,Recycling,1913,2642.7,4539.87,608.04,179.77
Steel,Mining,1225,2776.11,1821.89,343.45,177.84
Aluminium,Mining,887,15445.63,9816.01,8449.08,570.86
Aluminium,Mining,622,10367.1,11811.21,6133.55,382.56
Steel,Recycling,1443,762.22,1412.81,274.77,119.89
Steel,Mining,976,1707.0,943.87,255.7,102.32
Aluminium,Mining,1135,18638.64,12475.68,12266.08,954.67
Copper,Recycling,198,334.57,561.04,89.52,20.74
Aluminium,Recycling,412,824.38,710.62,195.36,51.55
Aluminium,Recycling,1013,2355.48,4156.13,517.71,92.29
Steel,Mining,1096,2688.76,1788.8,431.36,219.19
Copper,Mining,1655,12413.38,26308.92,8165.31,2716.84
Aluminium,Mining,1420,21917.27,19853.58,12438.11,779.39
Copper,Mining,484,3040.77,8364.6,2860.03,400.05
Aluminium,Recycling,807,1645.09,2096.48,470.82,97.95
Aluminium,Mining,979,13712.13,13244.07,10066.72,562.85
Copper,Mining,557,4771.12,13281.11,3103.32,535.09
Aluminium,Recycling,943,2040.46,4266.34,656.25,86.77
Copper,Recycling,1581,2724.97,6022.91,881.78,151.26
Aluminium,Recycling,609,685.55,2056.59,199.2,49.95
